{
    "movies": [
        {
            "id": 1,
            "movieName": "True Grit",
            "director": "Joel and Ethan Coen",
            "rating": "9.6"
        },
        {
            "id": 3,
            "movieName": "The Guard",
            "director": "John Michael McDonagh",
            "rating": "9.4"
        },
        {
            "id": 4,
            "movieName": "E.T",
            "director": "Steven Spielberg",
            "rating": "9.8"
        },
        {
            "id": 5,
            "movieName": "Moonrise Kingdom",
            "director": "Wes Anderson",
            "rating": "9.4"
        },
        {
            "id": 6,
            "movieName": "Gravity",
            "director": "Alfonso Cuarón",
            "rating": "9.6"
        },
        {
            "id": 7,
            "movieName": "Shawshank Redemption",
            "director": "Franklin",
            "rating": "9.9"
        },
        {
            "id": 8,
            "movieName": "Sherlock Holmes",
            "director": "Franklin",
            "rating": "10"
        }
    ]
}